Forecast_Source,Horizon_Days,RMSE,MAE
Fluence,365,0.2039711179,0.01742299017
Market,365,0.2722481956,0.02947188084