Forecast Source,Horizon_days,RMSE,MAE
Fluence,365,0.2039711179,0.01742299017
Market,365,0.2722481956,0.02947188084